Datetime,Water Level (m)
2026-01-08 18:00:00,0.5648246
2026-01-08 19:00:00,0.6022388
2026-01-08 20:00:00,0.39323968
2026-01-08 21:00:00,0.05640603
2026-01-08 22:00:00,-0.3065219
2026-01-08 23:00:00,-0.6769893
2026-01-09 00:00:00,-1.0069749
2026-01-09 01:00:00,-1.1971782
2026-01-09 02:00:00,-1.1506922
2026-01-09 03:00:00,-0.8326727
2026-01-09 04:00:00,-0.4015763
2026-01-09 05:00:00,-0.0022294775
2026-01-09 06:00:00,0.2922939
2026-01-09 07:00:00,0.40184593
2026-01-09 08:00:00,0.3265772
2026-01-09 09:00:00,0.100872494
2026-01-09 10:00:00,-0.17221686
2026-01-09 11:00:00,-0.44480512
2026-01-09 12:00:00,-0.6910052
2026-01-09 13:00:00,-0.8905747
2026-01-09 14:00:00,-0.9298034
2026-01-09 15:00:00,-0.6872413
2026-01-09 16:00:00,-0.2987446
2026-01-09 17:00:00,0.06468253
2026-01-09 18:00:00,0.34849504
2026-01-09 19:00:00,0.47641048
2026-01-09 20:00:00,0.38791046
2026-01-09 21:00:00,0.12238885
2026-01-09 22:00:00,-0.18029884
2026-01-09 23:00:00,-0.46997717
2026-01-10 00:00:00,-0.73385483
2026-01-10 01:00:00,-0.95295763
2026-01-10 02:00:00,-1.0501689
2026-01-10 03:00:00,-0.947983
2026-01-10 04:00:00,-0.6513391
2026-01-10 05:00:00,-0.30152228
2026-01-10 06:00:00,0.012326077
2026-01-10 07:00:00,0.23413002
2026-01-10 08:00:00,0.32723248
2026-01-10 09:00:00,0.26276708
2026-01-10 10:00:00,0.04757208
2026-01-10 11:00:00,-0.21492958
2026-01-10 12:00:00,-0.44535214
2026-01-10 13:00:00,-0.6351437
2026-01-10 14:00:00,-0.7604731
2026-01-10 15:00:00,-0.72091895
2026-01-10 16:00:00,-0.48307303
2026-01-10 17:00:00,-0.20983571
2026-01-10 18:00:00,0.017952435
2026-01-10 19:00:00,0.17457116
2026-01-10 20:00:00,0.22463827
2026-01-10 21:00:00,0.13239333
2026-01-10 22:00:00,-0.06738063
2026-01-10 23:00:00,-0.3053937
2026-01-11 00:00:00,-0.53814894
2026-01-11 01:00:00,-0.7424294
2026-01-11 02:00:00,-0.92112505
2026-01-11 03:00:00,-0.97501993
2026-01-11 04:00:00,-0.827828
2026-01-11 05:00:00,-0.5396647
2026-01-11 06:00:00,-0.26171845
2026-01-11 07:00:00,-0.017744094
2026-01-11 08:00:00,0.15741818
2026-01-11 09:00:00,0.23056926
2026-01-11 10:00:00,0.16659199
2026-01-11 11:00:00,-0.016090928
2026-01-11 12:00:00,-0.2102026
2026-01-11 13:00:00,-0.38107812
2026-01-11 14:00:00,-0.5398653
2026-01-11 15:00:00,-0.643546
2026-01-11 16:00:00,-0.6084237
2026-01-11 17:00:00,-0.432728
2026-01-11 18:00:00,-0.22528331
2026-01-11 19:00:00,-0.06429359
2026-01-11 20:00:00,0.028645813
2026-01-11 21:00:00,0.04079107
2026-01-11 22:00:00,-0.044006873
2026-01-11 23:00:00,-0.20324345
2026-01-12 00:00:00,-0.38139814
2026-01-12 01:00:00,-0.54987943
2026-01-12 02:00:00,-0.7170098
2026-01-12 03:00:00,-0.85251814
2026-01-12 04:00:00,-0.8766069
2026-01-12 05:00:00,-0.7465287
2026-01-12 06:00:00,-0.522382
2026-01-12 07:00:00,-0.28971216
2026-01-12 08:00:00,-0.07149727
2026-01-12 09:00:00,0.09807778
2026-01-12 10:00:00,0.19006139
2026-01-12 11:00:00,0.14888148
2026-01-12 12:00:00,0.003560709
2026-01-12 13:00:00,-0.1630577
2026-01-12 14:00:00,-0.313876
2026-01-12 15:00:00,-0.44853538
2026-01-12 16:00:00,-0.5395493
2026-01-12 17:00:00,-0.5552119
2026-01-12 18:00:00,-0.47121173
2026-01-12 19:00:00,-0.33513042
2026-01-12 20:00:00,-0.21372569
2026-01-12 21:00:00,-0.1266632
2026-01-12 22:00:00,-0.09926267
2026-01-12 23:00:00,-0.14402151
2026-01-13 00:00:00,-0.24420495
2026-01-13 01:00:00,-0.35650036
2026-01-13 02:00:00,-0.49668467
2026-01-13 03:00:00,-0.6689797
2026-01-13 04:00:00,-0.8220905
2026-01-13 05:00:00,-0.8691046
2026-01-13 06:00:00,-0.75454473
2026-01-13 07:00:00,-0.5302444
2026-01-13 08:00:00,-0.30194044
2026-01-13 09:00:00,-0.074319795
2026-01-13 10:00:00,0.11132437
2026-01-13 11:00:00,0.19847205
2026-01-13 12:00:00,0.17538494
2026-01-13 13:00:00,0.071869984
2026-01-13 14:00:00,-0.06581184
2026-01-13 15:00:00,-0.20940526
2026-01-13 16:00:00,-0.37229142
2026-01-13 17:00:00,-0.53094524
2026-01-13 18:00:00,-0.6138004
2026-01-13 19:00:00,-0.5905971
2026-01-13 20:00:00,-0.47640586
2026-01-13 21:00:00,-0.32196876
2026-01-13 22:00:00,-0.18218763
2026-01-13 23:00:00,-0.1036424
2026-01-14 00:00:00,-0.11619554
2026-01-14 01:00:00,-0.18709867
2026-01-14 02:00:00,-0.3041957
2026-01-14 03:00:00,-0.46459845
2026-01-14 04:00:00,-0.6578552
2026-01-14 05:00:00,-0.82835007
2026-01-14 06:00:00,-0.9016414
2026-01-14 07:00:00,-0.8021981
2026-01-14 08:00:00,-0.57430285
2026-01-14 09:00:00,-0.3259277
2026-01-14 10:00:00,-0.062126216
2026-01-14 11:00:00,0.14928082
2026-01-14 12:00:00,0.26547652
2026-01-14 13:00:00,0.2760922
2026-01-14 14:00:00,0.18646285
2026-01-14 15:00:00,0.027705485
2026-01-14 16:00:00,-0.1729263
2026-01-14 17:00:00,-0.42039013
2026-01-14 18:00:00,-0.6396179
